<?xml version="1.0" encoding="UTF-8" ?>
<!DOCTYPE mapper PUBLIC "-//mybatis.org//DTD Mapper 3.0//EN" "http://mybatis.org/dtd/mybatis-3-mapper.dtd" >
<mapper namespace="com.dao.TEmpMapper" >
  <resultMap id="BaseResultMap" type="com.entity.Emp" >
    <!--
      WARNING - @mbg.generated
    -->
    <id column="id" property="id" jdbcType="VARCHAR" />
    <result column="department" property="department" jdbcType="VARCHAR" />
    <result column="name" property="name" jdbcType="VARCHAR" />
    <result column="salary" property="salary" jdbcType="DOUBLE" />
    <result column="age" property="age" jdbcType="INTEGER" />
    <result column="bir" property="bir" jdbcType="VARCHAR" />
    <result column="official" property="official" jdbcType="INTEGER" />
  </resultMap>
</mapper>